<?xml version="1.0" encoding="iso-8859-1"?>
<KEY name="QCONF_ROOT">
	<KEY name="Services">
		<KEY name="Network">
		</KEY>
		<KEY name="SysLog">
			<VALUE_SZ name="MaxFileSize">4096KB</VALUE_SZ>
			<VALUE_SZ name="MaxFileNum">4</VALUE_SZ>
			<VALUE_SZ name="MarkTime">0</VALUE_SZ>
			<VALUE_SZ name="KernelLogLevel">7</VALUE_SZ>
			<VALUE_SZ name="KernelLogLevelToConsole">1</VALUE_SZ>
		</KEY>
		<KEY name="Gateway">
			<KEY name="Parameters">
				<KEY name="ISDN">
					<KEY name="Adapter.0">
						<VALUE_MULTI_SZ name="AutoAssignEnable">0&#x00;0&#x00;0&#x00;0&#x00;0&#x00;0&#x00;0&#x00;0&#x00;0&#x00;0&#x00;0&#x00;0&#x00;0&#x00;0&#x00;0&#x00;0&#x00;&#x00;</VALUE_MULTI_SZ>
						<VALUE_MULTI_SZ name="AutoAssignICCID">89331035091107061401&#x00;0&#x00;0&#x00;0&#x00;0&#x00;0&#x00;0&#x00;0&#x00;0&#x00;0&#x00;0&#x00;0&#x00;0&#x00;0&#x00;0&#x00;0&#x00;&#x00;</VALUE_MULTI_SZ>
						<VALUE_MULTI_SZ name="AutoAssignPinCodeShort">0000&#x00;0000&#x00;0000&#x00;0000&#x00;0000&#x00;0000&#x00;0000&#x00;0000&#x00;0000&#x00;0000&#x00;0000&#x00;0000&#x00;0000&#x00;0000&#x00;0000&#x00;0000&#x00;&#x00;</VALUE_MULTI_SZ>
						<VALUE_MULTI_SZ name="AutoAssignImsi">208014407524355&#x00;0&#x00;0&#x00;0&#x00;0&#x00;0&#x00;0&#x00;0&#x00;0&#x00;0&#x00;0&#x00;0&#x00;0&#x00;0&#x00;0&#x00;0&#x00;&#x00;</VALUE_MULTI_SZ>
						<VALUE_MULTI_SZ name="AutoAssignImei">CURRENT&#x00;CURRENT&#x00;CURRENT&#x00;CURRENT&#x00;CURRENT&#x00;CURRENT&#x00;CURRENT&#x00;CURRENT&#x00;CURRENT&#x00;CURRENT&#x00;CURRENT&#x00;CURRENT&#x00;CURRENT&#x00;CURRENT&#x00;CURRENT&#x00;CURRENT&#x00;&#x00;</VALUE_MULTI_SZ>
						<VALUE_MULTI_SZ name="AutoAssignSaSimSimArrayDeviceType">2&#x00;2&#x00;2&#x00;2&#x00;2&#x00;2&#x00;2&#x00;2&#x00;2&#x00;2&#x00;2&#x00;2&#x00;2&#x00;2&#x00;2&#x00;2&#x00;&#x00;</VALUE_MULTI_SZ>
						<VALUE_MULTI_SZ name="AutoAssignSaSimSimArrayIPAddress">192.168.198.250&#x00;0.0.0.0&#x00;0.0.0.0&#x00;0.0.0.0&#x00;0.0.0.0&#x00;0.0.0.0&#x00;0.0.0.0&#x00;0.0.0.0&#x00;0.0.0.0&#x00;0.0.0.0&#x00;0.0.0.0&#x00;0.0.0.0&#x00;0.0.0.0&#x00;0.0.0.0&#x00;0.0.0.0&#x00;0.0.0.0&#x00;&#x00;</VALUE_MULTI_SZ>
						<VALUE_MULTI_SZ name="AutoAssignSaSimSimArrayTCPPort">51503&#x00;51503&#x00;51503&#x00;51503&#x00;51503&#x00;51503&#x00;51503&#x00;51503&#x00;51503&#x00;51503&#x00;51503&#x00;51503&#x00;51503&#x00;51503&#x00;51503&#x00;51503&#x00;&#x00;</VALUE_MULTI_SZ>
						<VALUE_MULTI_SZ name="AutoAssignSaSimSlotNumber">5&#x00;0&#x00;0&#x00;0&#x00;0&#x00;0&#x00;0&#x00;0&#x00;0&#x00;0&#x00;0&#x00;0&#x00;0&#x00;0&#x00;0&#x00;0&#x00;&#x00;</VALUE_MULTI_SZ>
						<VALUE_MULTI_SZ name="AutoAssignSaSimSimType">1&#x00;0&#x00;0&#x00;0&#x00;0&#x00;0&#x00;0&#x00;0&#x00;0&#x00;0&#x00;0&#x00;0&#x00;0&#x00;0&#x00;0&#x00;0&#x00;&#x00;</VALUE_MULTI_SZ>
						<VALUE_DWORD name="DefaultTimeout">0x0000C350</VALUE_DWORD>
						<VALUE_MULTI_SZ name="AutoAssignSaSimPort">4&#x00;0&#x00;0&#x00;0&#x00;0&#x00;0&#x00;0&#x00;0&#x00;0&#x00;0&#x00;0&#x00;0&#x00;0&#x00;0&#x00;0&#x00;0&#x00;&#x00;</VALUE_MULTI_SZ>
						<VALUE_MULTI_SZ name="AutoAssignSMSCentre">0&#x00;0&#x00;0&#x00;0&#x00;0&#x00;0&#x00;0&#x00;0&#x00;0&#x00;0&#x00;0&#x00;0&#x00;0&#x00;0&#x00;0&#x00;0&#x00;&#x00;</VALUE_MULTI_SZ>
						<VALUE_DWORD name="DefaultTimeout">0x0000C350</VALUE_DWORD>
						<VALUE_MULTI_SZ name="GSMCardType">120&#x00;120&#x00;120&#x00;120&#x00;120&#x00;120&#x00;120&#x00;120&#x00;120&#x00;120&#x00;120&#x00;120&#x00;120&#x00;120&#x00;120&#x00;120&#x00;&#x00;</VALUE_MULTI_SZ>
						<VALUE_MULTI_SZ name="GSMComPortTypes">0&#x00;0&#x00;0&#x00;0&#x00;0&#x00;0&#x00;0&#x00;0&#x00;0&#x00;0&#x00;0&#x00;0&#x00;0&#x00;0&#x00;0&#x00;0&#x00;&#x00;</VALUE_MULTI_SZ>
						<VALUE_MULTI_SZ name="GSMComPorts">0&#x00;0&#x00;0&#x00;0&#x00;0&#x00;0&#x00;0&#x00;0&#x00;0&#x00;0&#x00;0&#x00;0&#x00;0&#x00;0&#x00;0&#x00;0&#x00;&#x00;</VALUE_MULTI_SZ>
						<VALUE_DWORD name="GSMPortsNumber">0x00000001</VALUE_DWORD>
						<VALUE_DWORD name="GSMPTSNegoMode">0x00000001</VALUE_DWORD>
						<VALUE_DWORD name="GSMSIMMaxPortReset">0x00000001</VALUE_DWORD>
						<VALUE_DWORD name="GSMSimServerMode">0x00000711</VALUE_DWORD>
						<VALUE_DWORD name="GSMTraceLevel">0x00000001</VALUE_DWORD>
						<VALUE_SZ name="Manufacturer">GSM</VALUE_SZ>
						<VALUE_DWORD name="SimFlexWaitRespTimeout">0x00001388</VALUE_DWORD>
						<VALUE_DWORD name="SimFlexWatchDog">0x00000000</VALUE_DWORD>
						<VALUE_DWORD name="SimDisablePowerClassC">0x00000001</VALUE_DWORD>
						<VALUE_SZ name="SimDumpSimDumpedDir">/cache/vsp</VALUE_SZ>
						<VALUE_SZ name="SimDumpSimPatternDir">/cache/vsp</VALUE_SZ>
					</KEY>
				</KEY>
			</KEY>
		</KEY>
		<KEY name="GSMuxSvc">
			<KEY name="Parameters">
				<VALUE_SZ name="GSMuxFile">/cache/vsp/GSMuxSvc.ini</VALUE_SZ>
				<VALUE_DWORD name="QStunEnable">0x00000000</VALUE_DWORD>
				<VALUE_DWORD name="RebootOnException">0x00000000</VALUE_DWORD>
				<VALUE_DWORD name="MaxRebootCount">0x00000003</VALUE_DWORD>
				<VALUE_SZ name="SimManagerIpList">61.155.193.90:27051,</VALUE_SZ>
				<VALUE_SZ name="DefaultMacAddress">869635010111238</VALUE_SZ>
				<VALUE_SZ name="SimManagerIpListChina">61.155.193.90:27051,</VALUE_SZ>
				<VALUE_SZ name="CallManagerIpList">192.168.198.65:27051,</VALUE_SZ>
				<VALUE_SZ name="LastStart">01/12/70 23:33:35</VALUE_SZ>
				<VALUE_SZ name="LastAction">01/12/70 23:33:35</VALUE_SZ>
				<VALUE_SZ name="SimFlexSerials"></VALUE_SZ>
				<VALUE_DWORD name="FlexSerialRecovery">0x00000001</VALUE_DWORD>
				<VALUE_DWORD name="FlexUSBDevSysOrder">0x00000000</VALUE_DWORD>
				<VALUE_MULTI_SZ name="FlexModuleClkHz">0&#x00;0&#x00;0&#x00;0&#x00;0&#x00;0&#x00;0&#x00;0&#x00;0&#x00;0&#x00;0&#x00;0&#x00;0&#x00;0&#x00;0&#x00;0&#x00;&#x00;</VALUE_MULTI_SZ>
				<KEY name="SimuxMgr">
					<VALUE_DWORD name="ConnectMode">0x00000002</VALUE_DWORD>
					<VALUE_SZ name="SimManagerIpAddress"></VALUE_SZ>
					<VALUE_DWORD name="SimManagerMonitoringTimer">0x0007530</VALUE_DWORD>
				</KEY>
			</KEY>
		</KEY>
		<KEY name="QSTUN">
			<KEY name="Parameters">
				<VALUE_DWORD name="QSTUNBindingTimeOut">0x0000003C</VALUE_DWORD>
				<VALUE_DWORD name="QSTUNPort">0x00000D96</VALUE_DWORD>
			</KEY>
		</KEY>
	</KEY>
	<KEY name="Software">
		<KEY name="iQsim">
			<KEY name="QTrace">
				<KEY name="Parameters">
					<KEY name="gsmuxsvc">
						<VALUE_SZ name="TraceFile">/var/volatile/log/gsmuxsvc.trc</VALUE_SZ>
						<VALUE_DWORD name="TraceLevel">0x00000008</VALUE_DWORD>
						<VALUE_DWORD name="TraceOutput">0x00000001</VALUE_DWORD>
						<VALUE_DWORD name="TraceHistoryCount">0x00000001</VALUE_DWORD>
						<VALUE_DWORD name="ErrorHistoryCount">0x00000001</VALUE_DWORD>
						<VALUE_DWORD name="MaxTraceFileSize">0x000F4240</VALUE_DWORD>
						<VALUE_DWORD name="MaxTraceErrorFileSize">0x00030D40</VALUE_DWORD>
						<VALUE_DWORD name="MinTraceDiskFreeSpace">0x00030D40</VALUE_DWORD>
						<VALUE_DWORD name="MinTraceErrorDiskFreeSpace">0x00030D40</VALUE_DWORD>
					</KEY>
				</KEY>
			</KEY>
		</KEY>
	</KEY>
</KEY>
